,displacement_right,displacement_left
0,9.220062838315341e-06,9.367036665228134e-06
