,displacement_right,displacement_left
0,1.7570322938320795e-05,3.646734230181447e-05
