{"cornea10Dx": {"mean": 0.29144373569223614, "std": 0.0292479779897184, "min": 0.25009432435035706, "max": 0.31861966848373413, "median": 0.3068758696317673, "range": 0.06852534413337708}, "cornea10Dy": {"mean": 0.43890910115506915, "std": 0.014629952529409174, "min": 0.413059800863266, "max": 0.45502951741218567, "median": 0.4459607005119324, "range": 0.04196971654891968}, "cornea20Sx": {"mean": 0.29144373569223614, "std": 0.0292479779897184, "min": 0.25009432435035706, "max": 0.31861966848373413, "median": 0.3068758696317673, "range": 0.06852534413337708}, "cornea20Sy": {"mean": 0.43890910115506915, "std": 0.014629952529409174, "min": 0.413059800863266, "max": 0.45502951741218567, "median": 0.4459607005119324, "range": 0.04196971654891968}, "mrd1OD": {"mean": 3.881548842065261, "std": 0.4560940670761981, "min": 3.080512640359203, "max": 5.156185416234468, "median": 3.9121446721477637, "range": 2.075672775875265}, "mrd2OD": {"mean": 6.02012451361546, "std": 0.37270860242201914, "min": 5.407630646375126, "max": 7.237715186874949, "median": 5.9891338253122735, "range": 1.830084540499823}, "pfhOD": {"mean": 9.901673355680721, "std": 0.7773492086331067, "min": 8.576579257174762, "max": 12.393900603109417, "median": 9.754929584495734, "range": 3.817321345934655}, "pfwOD": {"mean": 22.728416570119165, "std": 1.9242593206633047, "min": 21.393266235671156, "max": 29.176923829583725, "median": 22.146716132272196, "range": 7.783657593912569}, "pfaOD": {"mean": 152.4332592346128, "std": 23.37864215593338, "min": 125.5599735829705, "max": 230.45606086494925, "median": 144.97092240243893, "range": 104.89608728197875}, "mrd1OS": {"mean": 4.191509301444248, "std": 0.23441470211298665, "min": 3.305249281746171, "max": 4.557795992278843, "median": 4.263390224576375, "range": 1.2525467105326715}, "mrd2OS": {"mean": 6.0634878803186645, "std": 0.7429803041685756, "min": 3.3594593917927864, "max": 6.609544178855745, "median": 6.263860281011439, "range": 3.2500847870629586}, "pfhOS": {"mean": 10.254997181762915, "std": 0.921475762079376, "min": 6.70862101898095, "max": 10.864363410914937, "median": 10.517548469112016, "range": 4.155742391933987}, "pfwOS": {"mean": 21.49041037376107, "std": 0.6166946250189532, "min": 20.87866504599318, "max": 23.797708457089417, "median": 21.326452935535293, "range": 2.9190434110962364}, "pfaOS": {"mean": 148.84453682579993, "std": 13.605788971765346, "min": 96.90003482873244, "max": 160.6419409692195, "median": 152.47995613899548, "range": 63.741906140487046}, "ipd": {"mean": 54.81119686726881, "std": 3.6826970607060585, "min": 52.06063532292963, "max": 67.5706020789384, "median": 53.580099498635796, "range": 15.50996675600878}, "innerCanthal": {"mean": 30.186096045500072, "std": 2.663205613699223, "min": 28.305062100427946, "max": 39.349682917672816, "median": 29.35193583730932, "range": 11.04462081724487}, "outerCanthal": {"mean": 74.25795897678809, "std": 5.2005367386272, "min": 70.43503619515461, "max": 92.27475109650358, "median": 72.66063105130044, "range": 21.83971490134897}}