{"cornea10Dx": {"mean": 0.2757884237501356, "std": 0.021598470330109795, "min": 0.25233903527259827, "max": 0.30240750312805176, "median": 0.2818257510662079, "range": 0.05006846785545349}, "cornea10Dy": {"mean": 0.43390719327661725, "std": 0.018751918071207695, "min": 0.4122669994831085, "max": 0.4625985026359558, "median": 0.44578349590301514, "range": 0.05033150315284729}, "cornea20Sx": {"mean": 0.2757884237501356, "std": 0.021598470330109795, "min": 0.25233903527259827, "max": 0.30240750312805176, "median": 0.2818257510662079, "range": 0.05006846785545349}, "cornea20Sy": {"mean": 0.43390719327661725, "std": 0.018751918071207695, "min": 0.4122669994831085, "max": 0.4625985026359558, "median": 0.44578349590301514, "range": 0.05033150315284729}, "mrd1OD": {"mean": 3.9674172771158327, "std": 0.864707590941441, "min": 2.6610540090973567, "max": 5.031071817035806, "median": 4.2739049537631475, "range": 2.3700178079384493}, "mrd2OD": {"mean": 6.321452031856072, "std": 0.42530650320014796, "min": 5.763085389574419, "max": 7.025600611386531, "median": 6.186346557470305, "range": 1.2625152218121114}, "pfhOD": {"mean": 10.288869308971902, "std": 1.2429515649674734, "min": 8.490743954934084, "max": 12.056672428422338, "median": 10.44142728645744, "range": 3.5659284734882544}, "pfwOD": {"mean": 24.4635670951899, "std": 2.656859371218592, "min": 21.131496284715936, "max": 28.28058771560917, "median": 22.618146142563965, "range": 7.1490914308932325}, "pfaOD": {"mean": 168.3728245495032, "std": 33.018364222736956, "min": 128.5920166143206, "max": 219.27881928757924, "median": 155.48363231737125, "range": 90.68680267325863}, "mrd1OS": {"mean": 3.7112175768292066, "std": 0.49386449768679647, "min": 3.0274053386824518, "max": 4.690772158715781, "median": 3.5864451066797445, "range": 1.6633668200333291}, "mrd2OS": {"mean": 5.735827261616927, "std": 1.0185326416815532, "min": 3.7107123214865254, "max": 6.890577019691844, "median": 6.501058335446054, "range": 3.1798646982053187}, "pfhOS": {"mean": 9.447044838446134, "std": 1.4093854820999638, "min": 6.951854958680124, "max": 11.581349178407624, "median": 10.116581257140467, "range": 4.6294942197275}, "pfwOS": {"mean": 22.698051727736335, "std": 0.3779984345344942, "min": 21.83612092529891, "max": 23.346322041490545, "median": 22.70969595899564, "range": 1.5102011161916344}, "pfaOS": {"mean": 141.23040292355853, "std": 25.656033812251458, "min": 98.00898161788801, "max": 179.5380986914344, "median": 157.11553975823716, "range": 81.5291170735464}, "ipd": {"mean": 59.842670253212134, "std": 4.044666540400974, "min": 53.78131481181345, "max": 65.40418895249434, "median": 58.15835911588138, "range": 11.622874140680885}, "innerCanthal": {"mean": 33.99693095024063, "std": 3.2484769676340504, "min": 29.21735658503068, "max": 38.3236326465953, "median": 32.369124625647714, "range": 9.106276061564621}, "outerCanthal": {"mean": 80.97498317406834, "std": 6.013100353383437, "min": 72.58675174720446, "max": 89.1961544070184, "median": 78.05691516262647, "range": 16.609402659813938}}