{"cornea10Dx": {"mean": 0.25779938598473867, "std": 0.005474204108591327, "min": 0.2522796094417572, "max": 0.2735280692577362, "median": 0.25898803770542145, "range": 0.021248459815979004}, "cornea10Dy": {"mean": 0.44769643379582297, "std": 0.024483504203096453, "min": 0.41235846281051636, "max": 0.4777282178401947, "median": 0.4582826495170593, "range": 0.06536975502967834}, "cornea20Sx": {"mean": 0.25779938598473867, "std": 0.005474204108591327, "min": 0.2522796094417572, "max": 0.2735280692577362, "median": 0.25898803770542145, "range": 0.021248459815979004}, "cornea20Sy": {"mean": 0.44769643379582297, "std": 0.024483504203096453, "min": 0.41235846281051636, "max": 0.4777282178401947, "median": 0.4582826495170593, "range": 0.06536975502967834}, "mrd1OD": {"mean": 4.089466057545517, "std": 0.45180023886120757, "min": 3.4191282069103837, "max": 4.854866726776855, "median": 3.813049004827071, "range": 1.4357385198664714}, "mrd2OD": {"mean": 6.019839189345958, "std": 0.48433056636914534, "min": 5.499944542063484, "max": 7.031170392506833, "median": 5.750981124709876, "range": 1.5312258504433487}, "pfhOD": {"mean": 10.109305246891473, "std": 0.9023071678927361, "min": 9.152412601163139, "max": 11.780349218297498, "median": 9.531279213509347, "range": 2.6279366171343597}, "pfwOD": {"mean": 23.72983647984504, "std": 2.4408161406904507, "min": 21.706868630691453, "max": 28.237385245546516, "median": 22.188503089973437, "range": 6.530516614855063}, "pfaOD": {"mean": 161.64646482200027, "std": 27.80741373749453, "min": 135.3405273790866, "max": 213.25377449955832, "median": 142.86958743227726, "range": 77.91324712047171}, "mrd1OS": {"mean": 3.971582342920084, "std": 0.39841917580326563, "min": 2.982623491570127, "max": 4.52786601310626, "median": 4.152506574966246, "range": 1.5452425215361325}, "mrd2OS": {"mean": 5.469228667928608, "std": 0.6383220756833058, "min": 3.289171703013499, "max": 6.19948572628047, "median": 5.804046882001788, "range": 2.9103140232669706}, "pfhOS": {"mean": 9.440811010848693, "std": 0.9821020258893697, "min": 7.165786451335321, "max": 10.538560525102925, "median": 10.003858157157179, "range": 3.372774073767604}, "pfwOS": {"mean": 21.579104795175887, "std": 0.7334791228476628, "min": 20.648948858897445, "max": 23.156531388348355, "median": 21.21702342856374, "range": 2.507582529450911}, "pfaOS": {"mean": 135.66718167261627, "std": 14.968626002886165, "min": 101.8603489577857, "max": 151.08565550826663, "median": 143.87311252791505, "range": 49.22530655048092}, "ipd": {"mean": 56.70194099175857, "std": 4.821406909618794, "min": 52.576558700850796, "max": 65.22144773618369, "median": 53.811016482759285, "range": 12.644889035332895}, "innerCanthal": {"mean": 31.614443005598883, "std": 3.790960973981374, "min": 28.587199872413183, "max": 38.11283316548281, "median": 29.235562491932, "range": 9.525633293069628}, "outerCanthal": {"mean": 76.80779091616942, "std": 6.947898269699709, "min": 70.92018159733543, "max": 88.99019828489924, "median": 72.55916967450403, "range": 18.070016687563808}}