{"cornea10Dx": {"mean": 0.2550397551721997, "std": 0.0036616258930210212, "min": 0.2500356137752533, "max": 0.2609953284263611, "median": 0.25303295254707336, "range": 0.010959714651107788}, "cornea10Dy": {"mean": 0.4413260367181566, "std": 0.01999685265147381, "min": 0.41235846281051636, "max": 0.47416138648986816, "median": 0.4463314563035965, "range": 0.06180292367935181}, "cornea20Sx": {"mean": 0.2550397551721997, "std": 0.0036616258930210212, "min": 0.2500356137752533, "max": 0.2609953284263611, "median": 0.25303295254707336, "range": 0.010959714651107788}, "cornea20Sy": {"mean": 0.4413260367181566, "std": 0.01999685265147381, "min": 0.41235846281051636, "max": 0.47416138648986816, "median": 0.4463314563035965, "range": 0.06180292367935181}, "mrd1OD": {"mean": 4.070911554408354, "std": 0.397762168402347, "min": 3.428202662487105, "max": 5.125480628000053, "median": 4.042866848071944, "range": 1.6972779655129484}, "mrd2OD": {"mean": 5.963740084593748, "std": 0.41174692579097344, "min": 5.59045479380912, "max": 7.212383508259151, "median": 5.821355637607358, "range": 1.6219287144500312}, "pfhOD": {"mean": 10.0346516390021, "std": 0.7660922863718731, "min": 9.198006329372342, "max": 12.302512293299008, "median": 9.903952497748051, "range": 3.104505963926666}, "pfwOD": {"mean": 23.2241999498828, "std": 2.032255375900448, "min": 21.792432878189885, "max": 28.740754038052344, "median": 22.39150629618981, "range": 6.948321159862459}, "pfaOD": {"mean": 157.57664997336283, "std": 23.333014191617586, "min": 138.3339361168142, "max": 225.62219711219416, "median": 151.6409252564914, "range": 87.28826099537997}, "mrd1OS": {"mean": 4.1385884879629256, "std": 0.30105870274280316, "min": 3.24412933426117, "max": 4.524548015491231, "median": 4.262372144607759, "range": 1.2804186812300609}, "mrd2OS": {"mean": 5.671525378768511, "std": 0.7178710827016423, "min": 3.289171703013499, "max": 6.325550980107733, "median": 5.862410962241704, "range": 3.0363792770942344}, "pfhOS": {"mean": 9.810113866731436, "std": 0.9669264331859724, "min": 6.772493170321411, "max": 10.678297786717794, "median": 10.092273308030517, "range": 3.9058046163963827}, "pfwOS": {"mean": 21.37505790256965, "std": 0.6786560199656445, "min": 20.699753965093088, "max": 23.450574268835368, "median": 21.126238993095967, "range": 2.7508203037422803}, "pfaOS": {"mean": 141.29495888178067, "std": 14.595701831001552, "min": 97.07827884917216, "max": 156.75921474580633, "median": 145.15339227672757, "range": 59.68093589663417}, "ipd": {"mean": 55.366837987239784, "std": 4.042262727403915, "min": 52.76035669002971, "max": 66.64413077151379, "median": 53.592975004814896, "range": 13.883774081484077}, "innerCanthal": {"mean": 30.49484726856866, "std": 3.1178882587613423, "min": 28.633834446936447, "max": 38.932512391694324, "median": 29.13334863341565, "range": 10.298677944757877}, "outerCanthal": {"mean": 74.98542131230298, "std": 5.806488273982373, "min": 71.16992501565021, "max": 91.09340546271541, "median": 72.32844774791832, "range": 19.923480447065202}}